<?xml version='1.0' encoding='utf-8' standalone='yes' ?>
<map>
    <boolean name="measurement_enabled_from_api" value="true" />
    <boolean name="deep_link_retrieval_complete" value="true" />
    <long name="first_open_time" value="1757836089483" />
    <string name="gmp_app_id">1:656055924537:android:cefe928c189ab71c5d9ae8</string>
    <string name="app_instance_id">8b1fc37dc6d0ab76f1e8c6833657e5a4</string>
    <long name="deep_link_retrieval_attempts" value="1" />
    <long name="session_id" value="1757836089" />
    <boolean name="app_backgrounded" value="true" />
    <long name="health_monitor:start" value="1757836039635" />
    <boolean name="use_service" value="true" />
    <long name="deferred_attribution_cache_timestamp" value="0" />
    <boolean name="deferred_analytics_collection" value="false" />
    <string name="previous_os_version">15</string>
    <boolean name="measurement_enabled" value="true" />
    <boolean name="has_been_opened" value="true" />
    <boolean name="allow_remote_dynamite" value="true" />
    <long name="last_pause_time" value="1757836143493" />
    <boolean name="start_new_session" value="false" />
</map>
