<?xml version='1.0' encoding='utf-8' standalone='yes' ?>
<map>
    <string name="/v1/subscribers/%24RCAnonymousID%3A0f6c4740be61439596783e7cadfe174b">{&quot;eTag&quot;:&quot;d89705277e4bb243&quot;,&quot;lastRefreshTime&quot;:1757836093148,&quot;httpResult&quot;:&quot;{\&quot;responseCode\&quot;:201,\&quot;payload\&quot;:\&quot;{\\\&quot;request_date\\\&quot;:\\\&quot;2025-09-14T07:48:13Z\\\&quot;,\\\&quot;request_date_ms\\\&quot;:1757836093610,\\\&quot;subscriber\\\&quot;:{\\\&quot;entitlements\\\&quot;:{},\\\&quot;first_seen\\\&quot;:\\\&quot;2025-09-14T07:48:13Z\\\&quot;,\\\&quot;last_seen\\\&quot;:\\\&quot;2025-09-14T07:48:13Z\\\&quot;,\\\&quot;management_url\\\&quot;:null,\\\&quot;non_subscriptions\\\&quot;:{},\\\&quot;original_app_user_id\\\&quot;:\\\&quot;$RCAnonymousID:0f6c4740be61439596783e7cadfe174b\\\&quot;,\\\&quot;original_application_version\\\&quot;:null,\\\&quot;original_purchase_date\\\&quot;:null,\\\&quot;other_purchases\\\&quot;:{},\\\&quot;subscriptions\\\&quot;:{}}}\\n\&quot;,\&quot;origin\&quot;:\&quot;CACHE\&quot;,\&quot;requestDate\&quot;:1757836093611,\&quot;verificationResult\&quot;:\&quot;NOT_REQUESTED\&quot;}&quot;}</string>
    <string name="/v1/subscribers/4JvTIItSiBb1rR4JDxJDDKMetdN2/offerings">{&quot;eTag&quot;:&quot;d14d915c81af4410&quot;,&quot;lastRefreshTime&quot;:1757836094008,&quot;httpResult&quot;:&quot;{\&quot;responseCode\&quot;:200,\&quot;payload\&quot;:\&quot;{\\\&quot;current_offering_id\\\&quot;:null,\\\&quot;offerings\\\&quot;:[],\\\&quot;placements\\\&quot;:{\\\&quot;fallback_offering_id\\\&quot;:null}}\\n\&quot;,\&quot;origin\&quot;:\&quot;CACHE\&quot;,\&quot;requestDate\&quot;:1757836094499,\&quot;verificationResult\&quot;:\&quot;NOT_REQUESTED\&quot;}&quot;}</string>
    <string name="/v1/subscribers/%24RCAnonymousID%3A0f6c4740be61439596783e7cadfe174b/offerings">{&quot;eTag&quot;:&quot;d14d915c81af4410&quot;,&quot;lastRefreshTime&quot;:1757836092627,&quot;httpResult&quot;:&quot;{\&quot;responseCode\&quot;:200,\&quot;payload\&quot;:\&quot;{\\\&quot;current_offering_id\\\&quot;:null,\\\&quot;offerings\\\&quot;:[],\\\&quot;placements\\\&quot;:{\\\&quot;fallback_offering_id\\\&quot;:null}}\\n\&quot;,\&quot;origin\&quot;:\&quot;CACHE\&quot;,\&quot;requestDate\&quot;:1757836093121,\&quot;verificationResult\&quot;:\&quot;NOT_REQUESTED\&quot;}&quot;}</string>
    <string name="/v1/subscribers/4JvTIItSiBb1rR4JDxJDDKMetdN2/attributes">{&quot;eTag&quot;:&quot;daa13e4f205dc5ba&quot;,&quot;lastRefreshTime&quot;:1757836139988,&quot;httpResult&quot;:&quot;{\&quot;responseCode\&quot;:200,\&quot;payload\&quot;:\&quot;{}\\n\&quot;,\&quot;origin\&quot;:\&quot;CACHE\&quot;,\&quot;verificationResult\&quot;:\&quot;NOT_REQUESTED\&quot;}&quot;}</string>
    <string name="/v1/subscribers/identify">{&quot;eTag&quot;:&quot;1b33b79c3febc213&quot;,&quot;lastRefreshTime&quot;:1757836093650,&quot;httpResult&quot;:&quot;{\&quot;responseCode\&quot;:200,\&quot;payload\&quot;:\&quot;{\\\&quot;request_date\\\&quot;:\\\&quot;2025-09-14T07:48:14Z\\\&quot;,\\\&quot;request_date_ms\\\&quot;:1757836094127,\\\&quot;subscriber\\\&quot;:{\\\&quot;entitlements\\\&quot;:{},\\\&quot;first_seen\\\&quot;:\\\&quot;2025-09-14T07:33:49Z\\\&quot;,\\\&quot;last_seen\\\&quot;:\\\&quot;2025-09-14T07:33:49Z\\\&quot;,\\\&quot;management_url\\\&quot;:null,\\\&quot;non_subscriptions\\\&quot;:{},\\\&quot;original_app_user_id\\\&quot;:\\\&quot;4JvTIItSiBb1rR4JDxJDDKMetdN2\\\&quot;,\\\&quot;original_application_version\\\&quot;:null,\\\&quot;original_purchase_date\\\&quot;:null,\\\&quot;other_purchases\\\&quot;:{},\\\&quot;subscriptions\\\&quot;:{}}}\\n\&quot;,\&quot;origin\&quot;:\&quot;CACHE\&quot;,\&quot;requestDate\&quot;:1757836094127,\&quot;verificationResult\&quot;:\&quot;NOT_REQUESTED\&quot;}&quot;}</string>
    <string name="/v1/subscribers/4JvTIItSiBb1rR4JDxJDDKMetdN2">{&quot;eTag&quot;:&quot;69edebbe144d3f04&quot;,&quot;lastRefreshTime&quot;:1757836121910,&quot;httpResult&quot;:&quot;{\&quot;responseCode\&quot;:200,\&quot;payload\&quot;:\&quot;{\\\&quot;request_date\\\&quot;:\\\&quot;2025-09-14T07:48:42Z\\\&quot;,\\\&quot;request_date_ms\\\&quot;:1757836122370,\\\&quot;subscriber\\\&quot;:{\\\&quot;entitlements\\\&quot;:{},\\\&quot;first_seen\\\&quot;:\\\&quot;2025-09-14T07:33:49Z\\\&quot;,\\\&quot;last_seen\\\&quot;:\\\&quot;2025-09-14T07:33:49Z\\\&quot;,\\\&quot;management_url\\\&quot;:null,\\\&quot;non_subscriptions\\\&quot;:{},\\\&quot;original_app_user_id\\\&quot;:\\\&quot;4JvTIItSiBb1rR4JDxJDDKMetdN2\\\&quot;,\\\&quot;original_application_version\\\&quot;:null,\\\&quot;original_purchase_date\\\&quot;:null,\\\&quot;other_purchases\\\&quot;:{},\\\&quot;subscriptions\\\&quot;:{}}}\\n\&quot;,\&quot;origin\&quot;:\&quot;CACHE\&quot;,\&quot;requestDate\&quot;:1757836122371,\&quot;verificationResult\&quot;:\&quot;NOT_REQUESTED\&quot;}&quot;}</string>
</map>
