<?xml version='1.0' encoding='utf-8' standalone='yes' ?>
<map>
    <string name="com.applovin.sdk.P_OL.plugin_version">13.2.0.1</string>
    <string name="com.applovin.sdk.P_OL.device_token">MaznYs97JTiqaqEwnZGZ5sq2L4Ly4Nemxh83XDWKNKdxsWQTY8G0xNNsXfr-RwOQIof8Kh912sf5xTCG2ZoFdgYJKjYErPW7r1oloVzvGDmCG9x50iuf7e89sefXU-2OYQkHT_PA1CUA4sKSRc1LKXSnpjAt7R_KUQZYsb6vQrU=</string>
    <string name="com.applovin.sdk.P_OL.device_id">10a933076b413a8c90</string>
    <string name="com.applovin.sdk.P_OL.sc">Jqaq%2BBsW%2Frj4G1SmBxUgFvazmfOoZgA%3D</string>
    <boolean name="com.applovin.sdk.P_OL.is_verbose_logging" value="false" />
</map>
