<?xml version='1.0' encoding='utf-8' standalone='yes' ?>
<map>
    <string name="flutter.countryCode">IN</string>
    <boolean name="flutter.appsflyerDeepLinked" value="true" />
    <string name="flutter.lastSessionId">1000cb20-913f-11f0-a59b-a363f8434bfc</string>
    <string name="flutter.alternateTrialScreen">&quot;true&quot;</string>
    <boolean name="flutter.onboardingShown" value="true" />
    <string name="flutter.PREFERRED_LANGUAGE">hi</string>
    <boolean name="flutter.firstSession" value="false" />
    <boolean name="flutter.didShowFirstNotificationPrompt" value="true" />
    <boolean name="flutter.trialScreenShown" value="true" />
    <long name="flutter.lastSessionStartTime" value="1757836048594" />
    <string name="flutter.SUBSCRIPTION_ONLY">true</string>
    <boolean name="flutter.firstTimeLaunch" value="false" />
    <string name="flutter.languages">VGhpcyBpcyB0aGUgcHJlZml4IGZvciBhIGxpc3Qu![&quot;Hindi&quot;]</string>
    <string name="flutter.subscriptionVariant">&quot;D&quot;</string>
    <string name="flutter.startOnExplore">&quot;false&quot;</string>
</map>
