<?xml version='1.0' encoding='utf-8' standalone='yes' ?>
<map>
    <string name="auid">49304e0a-b997-4b1a-8174-78cac29dc17a</string>
    <string name="ControllerABGroup">1672.1</string>
    <string name="search_keys">{&quot;success&quot;:&quot;&quot;,&quot;fail&quot;:&quot;&quot;,&quot;searchKeys&quot;:[&quot;market://&quot;,&quot;play.google.com&quot;],&quot;acknowledgeWith&quot;:&quot;acknowledgeMessage&quot;,&quot;declineWith&quot;:&quot;errorTest&quot;}</string>
    <string name="ssaGlobalAppData">{&quot;controllerVersion&quot;:&quot;2992&quot;}</string>
    <string name="version">8.8.0</string>
    <string name="unityads-idfi">7e7a2911-e219-43fe-b9e4-4ce1ae67e168</string>
</map>
