{"Fid":"da-qglbDQx25OG6tiny7XE","Status":3,"AuthToken":"eyJhbGciOiJFUzI1NiIsInR5cCI6IkpXVCJ9.eyJhcHBJZCI6IjE6NjU2MDU1OTI0NTM3OmFuZHJvaWQ6Y2VmZTkyOGMxODlhYjcxYzVkOWFlOCIsImV4cCI6MTc1ODQ0MDg0MCwiZmlkIjoiZGEtcWdsYkRReDI1T0c2dGlueTdYRSIsInByb2plY3ROdW1iZXIiOjY1NjA1NTkyNDUzN30.AB2LPV8wRQIhALcyyCTLNUYX-vtpKSMbyfSpVoLNGKITLelW8Pb3MzvAAiBZnXVDcP7K1SGo6uzFqIqJwbyA8cYr08y9YxajlfEjvQ","RefreshToken":"3_AS3qfwLv8AI44PKrZaSU3yfOUOOSEmTYPlngamLcpdSwKcGchbgqRJk-lQexDrAiXbaYCvLeSszLmGODyIBBpko740b4ol8TozOEDVfk7T5fZ4c","TokenCreationEpochInSecs":1757836040,"ExpiresInSecs":604800}