<?xml version='1.0' encoding='utf-8' standalone='yes' ?>
<map>
    <string name="prev_event_name">af_login</string>
    <long name="prev_event_timestamp" value="1766061531806" />
    <int name="appsFlyerInAppEventCount" value="1" />
    <string name="afUninstallToken">fjnSP74VRKqQaIagFCAlH6:APA91bH_HmuM8nPkcaXe1wQLbeBOlrUkCKxmS6gJGIwSaeBppzChmKIRMLXrKc7534G0BXNXsCCjILLRIlDHWXPJGK5WoZOFB7ZGNmTua8JTXFOYo0ek04Q</string>
    <long name="prev_session_dur" value="1" />
    <long name="af_rc_max_age" value="86400" />
    <boolean name="ddl_sent" value="true" />
    <string name="sentSuccessfully">true</string>
    <string name="af_remote_config">eyJmZWF0dXJlcyI6e30sInZlciI6ImRlZmF1bHQudjEuMTYzNzE0OTUyOSJ9</string>
    <int name="versionCode" value="240011239" />
    <boolean name="sentRegisterRequestToAF" value="true" />
    <string name="savedProperties">{&quot;uid&quot;:&quot;1766061443190-1358006831737384339&quot;,&quot;waitForCustomerId&quot;:&quot;false&quot;,&quot;AppUserId&quot;:&quot;72338717&quot;}</string>
    <string name="AF_INSTALLATION">1766061443190-1358006831737384339</string>
    <boolean name="afUninstallToken_queued" value="false" />
    <int name="appsFlyerCount" value="7" />
    <long name="af_rc_timestamp" value="1771579950112" />
    <long name="AppsFlyerTimePassedSincePrevLaunch" value="1771579950375" />
    <boolean name="newGPReferrerSent" value="true" />
    <string name="appsFlyerFirstInstall">2025-12-18_180724+0530</string>
    <long name="afUninstallToken_received_time" value="1771579952338" />
    <string name="attributionId">{&quot;af_status&quot;:&quot;Organic&quot;,&quot;af_message&quot;:&quot;organic install&quot;,&quot;is_first_launch&quot;:false}</string>
</map>
