<?xml version='1.0' encoding='utf-8' standalone='yes' ?>
<map>
    <string name="deviceIdHash">a3ae9f0c-127c-4faa-ad6d-a4191f408d7a</string>
    <string name="Android/graceltexx/gracelte:9/PQ3A.190705.09121607/G9700FXXU1APFO:user/release-keys;1.12.39">d36e9fb331519c2a1d878a362e4a2b5e</string>
    <string name="LAST_SAVED_LOCALE">en_US</string>
    <int name="AppMinSdkVersion" value="24" />
    <string name="Infinix/X675-GL/Infinix-X675:11/RP1A.201005.001/220514V15:user/release-keys;1.12.39">7a0e106c2e672dff6d53ef48d33c64d2</string>
</map>
