<?xml version='1.0' encoding='utf-8' standalone='yes' ?>
<map>
    <set name="fire-cls/19.1.0 fire-installations/18.0.0 fire-rc/22.0.0 kotlin/2.0.0 fire-dl/22.1.0 fire-abt/21.1.1 device-name/X675-GL fire-core/21.0.0 fire-android/30 fire-core-ktx/21.0.0 fire-sessions/2.0.4 device-model/Infinix-X675 android-platform/ fire-transport/19.0.0 fire-dl-ktx/22.1.0 android-target-sdk/34 fire-auth/23.0.0 android-min-sdk/24 device-brand/Infinix android-installer/com.android.vending fire-perf/21.0.1 fire-analytics/22.1.0 fire-analytics-ktx/22.1.0 fire-fcm/24.0.1 fire-cfg-ktx/22.0.0">
        <string>2025-12-18</string>
    </set>
    <long name="fire-count" value="1" />
    <string name="last-used-date">2025-12-18</string>
    <long name="fire-global" value="1766061531030" />
</map>
