{"url":"https:\/\/webview.unityads.unity3d.com\/webview_test\/4.0.0\/a0596942ea6cf9fa9c5e305646158a1288d69ddd\/release\/index.html","hash":"35fa8cc7016e6f45d7a587fa502af5f782281074248e930b31c0cd25831f146c","version":"a0596942ea6cf9fa9c5e305646158a1288d69ddd","dwu":false,"sdkv":"4.0.0","murl":"https:\/\/gateway.unityads.unity3d.com\/legacy\/diagnostics\/v2\/metrics","msr":5,"omn":"Unity3d","omv":"1.3.0","sto":30000,"lto":60000,"src":"srvc","expo":{"gjl":{"value":"true"},"lto":{"value":"60000"},"osg":{"applied":"current","value":true},"sendShowConsentEvent":{"value":"true"},"sto":{"value":"30000"},"tsi":{"value":"true"},"tsi_nt":{"value":"true"},"tsi_p":{"value":"true"},"tsi_prw":{"value":"true"},"tsi_upii":{"value":"false"},"wgr":{"value":"true"}}}