<?xml version='1.0' encoding='utf-8' standalone='yes' ?>
<map>
    <set name="fire-installations/18.0.0 fire-transport/18.2.0 android-min-sdk/24 fire-android/28 react-native-firebase/21.7.4 android-installer/com.android.vending fire-core/21.0.0 device-name/breeze_p_in fire-core-ktx/21.0.0 device-brand/POCO android-platform/ fire-fcm/24.1.0 android-target-sdk/27 kotlin/1.9.25 device-model/breeze">
        <string>2025-09-26</string>
    </set>
    <long name="fire-count" value="1" />
    <string name="last-used-date">2025-09-26</string>
    <long name="fire-global" value="1758890922294" />
</map>
