{"Fid":"cSG1RCuUTauvYAl_uYKxND","Status":3,"AuthToken":"eyJhbGciOiJFUzI1NiIsInR5cCI6IkpXVCJ9.eyJhcHBJZCI6IjE6MTAxNjc4NjQ0NTg4MjphbmRyb2lkOjI2MWUxNWI4MDZlYmMwOGJlZTc3MDMiLCJleHAiOjE3NTk0OTU3MjMsImZpZCI6ImNTRzFSQ3VVVGF1dllBbF91WUt4TkQiLCJwcm9qZWN0TnVtYmVyIjoxMDE2Nzg2NDQ1ODgyfQ.AB2LPV8wRQIhAMLUvsdZJsOAFgMXQm3yZEMQWtb3e010gFMc5Xd3tz8eAiAVRnvV23nhscEtUARqlxCP9g9H9XX-Yz2Vz3gWAztQNw","RefreshToken":"3_AS3qfwLULBmjPemPwY9lq1rdFr-vAsouvSuMuchONMtR6Ki2fmrxCpvD3o3nWiqiri1RR3aUyReNa0EehQir_JT_g8l8nO9CuF0A0DfVp5v20Lc","TokenCreationEpochInSecs":1758890923,"ExpiresInSecs":604800}