{"Fid":"fjnSP74VRKqQaIagFCAlH6","Status":3,"AuthToken":"eyJhbGciOiJFUzI1NiIsInR5cCI6IkpXVCJ9.eyJhcHBJZCI6IjE6NjM2ODEzODMyNjYyOmFuZHJvaWQ6NmVlMWZhZWNlZGIzYjFkYmZjNzQ3NyIsImV4cCI6MTc2NjY2NjI0MywiZmlkIjoiZmpuU1A3NFZSS3FRYUlhZ0ZDQWxINiIsInByb2plY3ROdW1iZXIiOjYzNjgxMzgzMjY2Mn0.AB2LPV8wRQIgY7X2-bUUM2oVbeazSL5EzO6LNidnhUmFQVfjlAN_XYQCIQC8rLLhWwUiahxgH5lKKbyqOU6drmk-_bTnNddVjEpUgQ","RefreshToken":"3_AS3qfwLkkJugVkhxLFpPM2hZfIiMVedNk0SQBzFtbroHzrQRAmuc4jeSFzhrd5K0l345dvuohubXA0kDX5NPusIi0K0rwsJzsG9AC937OfqG6QU","TokenCreationEpochInSecs":1766061443,"ExpiresInSecs":604800}